{
  "CustomerID": "ANATR",
  "CompanyName": "Ana Trujillo Emparedados y helados",
  "Customer": {
    "CustomerID": "ANATR",
    "CompanyName": "Ana Trujillo Emparedados y helados",
    "ContactName": "Ana Trujillo",
    "ContactTitle": "Owner",
    "Address": "Avda. de la Constitución 2222",
    "City": "México D.F.",
    "Region": null,
    "PostalCode": "05021",
    "Latitude": 19.4023499,
    "Longitude": -99.18179,
    "Country": "Mexico",
    "Phone": "(5) 555-4729",
    "Fax": "(5) 555-3745",
    "Orders": {
      "OrderID": 10625,
      "CustomerID": "ANATR",
      "EmployeeID": 3,
      "OrderDate": "1997-08-08T00:00:00",
      "RequiredDate": "1997-09-05T00:00:00",
      "ShippedDate": "1997-08-14T00:00:00",
      "ShipVia": 1,
      "Freight": 43.9,
      "ShipName": "Ana Trujillo Emparedados y helados",
      "ShipAddress": "Avda. de la Constitución 2222",
      "ShipCity": "México D.F.",
      "ShipRegion": null,
      "ShipPostalCode": "05021",
      "ShipCountry": "Mexico",
      "Details": {
        "OrderID": 10625,
        "ProductID": 23.25,
        "Quantity": 3,
        "Discount": 0.0,
        "Product": {
          "ProductID": 14,
          "ProductName": "Tofu",
          "SupplierID": 6,
          "CategoryID": 7,
          "QuantityPerUnit": "40 - 100 g pkgs.",
          "UnitPrice": 23.25,
          "UnitsInStock": 35,
          "UnitsOnOrder": 0,
          "ReorderLevel": 0,
          "Discontinued": false
        }
      }
    }
  }
}