{
  "CustomerID": "AROUT",
  "CompanyName": "Around the Horn",
  "Customer": {
    "CustomerID": "AROUT",
    "CompanyName": "Around the Horn",
    "ContactName": "Thomas Hardy",
    "ContactTitle": "Sales Representative",
    "Address": "120 Hanover Sq.",
    "City": "London",
    "Region": null,
    "PostalCode": "WA1 1DP",
    "Latitude": 53.395296,
    "Longitude": -2.555589,
    "Country": "UK",
    "Phone": "(171) 555-7788",
    "Fax": "(171) 555-6750",
    "Orders": {
      "OrderID": 11016,
      "CustomerID": "AROUT",
      "EmployeeID": 9,
      "OrderDate": "1998-04-10T00:00:00",
      "RequiredDate": "1998-05-08T00:00:00",
      "ShippedDate": "1998-04-13T00:00:00",
      "ShipVia": 2,
      "Freight": 33.8,
      "ShipName": "Around the Horn",
      "ShipAddress": "Brook Farm Stratford St. Mary",
      "ShipCity": "Colchester",
      "ShipRegion": "Essex",
      "ShipPostalCode": "CO7 6JX",
      "ShipCountry": "UK",
      "Details": {
        "OrderID": 11016,
        "ProductID": 19.0,
        "Quantity": 16,
        "Discount": 0.0,
        "Product": {
          "ProductID": 36,
          "ProductName": "Inlagd Sill",
          "SupplierID": 17,
          "CategoryID": 8,
          "QuantityPerUnit": "24 - 250 g  jars",
          "UnitPrice": 19.0,
          "UnitsInStock": 112,
          "UnitsOnOrder": 0,
          "ReorderLevel": 20,
          "Discontinued": false
        }
      }
    }
  }
}