{
  "CustomerID": "ANTON",
  "CompanyName": "Antonio Moreno Taquería",
  "Customer": {
    "CustomerID": "ANTON",
    "CompanyName": "Antonio Moreno Taquería",
    "ContactName": "Antonio Moreno",
    "ContactTitle": "Owner",
    "Address": "Mataderos  2312",
    "City": "México D.F.",
    "Region": null,
    "PostalCode": "05023",
    "Latitude": 0.0,
    "Longitude": 0.0,
    "Country": "Mexico",
    "Phone": "(5) 555-3932",
    "Fax": null,
    "Orders": {
      "OrderID": 10573,
      "CustomerID": "ANTON",
      "EmployeeID": 7,
      "OrderDate": "1997-06-19T00:00:00",
      "RequiredDate": "1997-07-17T00:00:00",
      "ShippedDate": "1997-06-20T00:00:00",
      "ShipVia": 3,
      "Freight": 84.84,
      "ShipName": "Antonio Moreno Taquería",
      "ShipAddress": "Mataderos  2312",
      "ShipCity": "México D.F.",
      "ShipRegion": null,
      "ShipPostalCode": "05023",
      "ShipCountry": "Mexico",
      "Details": {
        "OrderID": 10573,
        "ProductID": 32.8,
        "Quantity": 25,
        "Discount": 0.0,
        "Product": {
          "ProductID": 53,
          "ProductName": "Perth Pasties",
          "SupplierID": 24,
          "CategoryID": 6,
          "QuantityPerUnit": "48 pieces",
          "UnitPrice": 32.8,
          "UnitsInStock": 0,
          "UnitsOnOrder": 0,
          "ReorderLevel": 0,
          "Discontinued": true
        }
      }
    }
  }
}