{
  "CustomerID": "AROUT",
  "CompanyName": "Around the Horn",
  "Customer": {
    "CustomerID": "AROUT",
    "CompanyName": "Around the Horn",
    "ContactName": "Thomas Hardy",
    "ContactTitle": "Sales Representative",
    "Address": "120 Hanover Sq.",
    "City": "London",
    "Region": null,
    "PostalCode": "WA1 1DP",
    "Latitude": 53.395296,
    "Longitude": -2.555589,
    "Country": "UK",
    "Phone": "(171) 555-7788",
    "Fax": "(171) 555-6750",
    "Orders": {
      "OrderID": 10558,
      "CustomerID": "AROUT",
      "EmployeeID": 1,
      "OrderDate": "1997-06-04T00:00:00",
      "RequiredDate": "1997-07-02T00:00:00",
      "ShippedDate": "1997-06-10T00:00:00",
      "ShipVia": 2,
      "Freight": 72.97,
      "ShipName": "Around the Horn",
      "ShipAddress": "Brook Farm Stratford St. Mary",
      "ShipCity": "Colchester",
      "ShipRegion": "Essex",
      "ShipPostalCode": "CO7 6JX",
      "ShipCountry": "UK",
      "Details": {
        "OrderID": 10558,
        "ProductID": 32.8,
        "Quantity": 18,
        "Discount": 0.0,
        "Product": {
          "ProductID": 53,
          "ProductName": "Perth Pasties",
          "SupplierID": 24,
          "CategoryID": 6,
          "QuantityPerUnit": "48 pieces",
          "UnitPrice": 32.8,
          "UnitsInStock": 0,
          "UnitsOnOrder": 0,
          "ReorderLevel": 0,
          "Discontinued": true
        }
      }
    }
  }
}