{
  "CustomerID": "ALFKI",
  "CompanyName": "Alfreds Futterkiste",
  "Customer": {
    "CustomerID": "ALFKI",
    "CompanyName": "Alfreds Futterkiste",
    "ContactName": "Maria Anders",
    "ContactTitle": "Sales Representative",
    "Address": "Obere Str. 57",
    "City": "Berlin",
    "Region": null,
    "PostalCode": "12209",
    "Latitude": 52.54971,
    "Longitude": 13.49041,
    "Country": "Germany",
    "Phone": "030-0074321",
    "Fax": "030-0076545",
    "Orders": {
      "OrderID": 10702,
      "CustomerID": "ALFKI",
      "EmployeeID": 4,
      "OrderDate": "1997-10-13T00:00:00",
      "RequiredDate": "1997-11-24T00:00:00",
      "ShippedDate": "1997-10-21T00:00:00",
      "ShipVia": 1,
      "Freight": 23.94,
      "ShipName": "Alfred's Futterkiste",
      "ShipAddress": "Obere Str. 57",
      "ShipCity": "Berlin",
      "ShipRegion": null,
      "ShipPostalCode": "12209",
      "ShipCountry": "Germany",
      "Details": {
        "OrderID": 10702,
        "ProductID": 18.0,
        "Quantity": 15,
        "Discount": 0.0,
        "Product": {
          "ProductID": 76,
          "ProductName": "Lakkalikööri",
          "SupplierID": 23,
          "CategoryID": 1,
          "QuantityPerUnit": "500 ml",
          "UnitPrice": 18.0,
          "UnitsInStock": 57,
          "UnitsOnOrder": 0,
          "ReorderLevel": 20,
          "Discontinued": false
        }
      }
    }
  }
}