{
  "CustomerID": "BERGS",
  "CompanyName": "Berglunds snabbköp",
  "Customer": {
    "CustomerID": "BERGS",
    "CompanyName": "Berglunds snabbköp",
    "ContactName": "Christina Berglund",
    "ContactTitle": "Order Administrator",
    "Address": "Berguvsvägen  8",
    "City": "Luleå",
    "Region": null,
    "PostalCode": "S-958 22",
    "Latitude": 0.0,
    "Longitude": 0.0,
    "Country": "Sweden",
    "Phone": "0921-12 34 65",
    "Fax": "0921-12 34 67",
    "Orders": {
      "OrderID": 10672,
      "CustomerID": "BERGS",
      "EmployeeID": 9,
      "OrderDate": "1997-09-17T00:00:00",
      "RequiredDate": "1997-10-01T00:00:00",
      "ShippedDate": "1997-09-26T00:00:00",
      "ShipVia": 2,
      "Freight": 95.75,
      "ShipName": "Berglunds snabbköp",
      "ShipAddress": "Berguvsvägen  8",
      "ShipCity": "Luleå",
      "ShipRegion": null,
      "ShipPostalCode": "S-958 22",
      "ShipCountry": "Sweden",
      "Details": {
        "OrderID": 10672,
        "ProductID": 263.5,
        "Quantity": 15,
        "Discount": 0.1,
        "Product": {
          "ProductID": 38,
          "ProductName": "Côte de Blaye",
          "SupplierID": 18,
          "CategoryID": 1,
          "QuantityPerUnit": "12 - 75 cl bottles",
          "UnitPrice": 263.5,
          "UnitsInStock": 17,
          "UnitsOnOrder": 0,
          "ReorderLevel": 15,
          "Discontinued": false
        }
      }
    }
  }
}