{
  "CustomerID": "ANTON",
  "CompanyName": "Antonio Moreno Taquería",
  "Customer": {
    "CustomerID": "ANTON",
    "CompanyName": "Antonio Moreno Taquería",
    "ContactName": "Antonio Moreno",
    "ContactTitle": "Owner",
    "Address": "Mataderos  2312",
    "City": "México D.F.",
    "Region": null,
    "PostalCode": "05023",
    "Latitude": 0.0,
    "Longitude": 0.0,
    "Country": "Mexico",
    "Phone": "(5) 555-3932",
    "Fax": null,
    "Orders": {
      "OrderID": 10677,
      "CustomerID": "ANTON",
      "EmployeeID": 1,
      "OrderDate": "1997-09-22T00:00:00",
      "RequiredDate": "1997-10-20T00:00:00",
      "ShippedDate": "1997-09-26T00:00:00",
      "ShipVia": 3,
      "Freight": 4.03,
      "ShipName": "Antonio Moreno Taquería",
      "ShipAddress": "Mataderos  2312",
      "ShipCity": "México D.F.",
      "ShipRegion": null,
      "ShipPostalCode": "05023",
      "ShipCountry": "Mexico",
      "Details": {
        "OrderID": 10677,
        "ProductID": 31.23,
        "Quantity": 30,
        "Discount": 0.15,
        "Product": {
          "ProductID": 26,
          "ProductName": "Gumbär Gummibärchen",
          "SupplierID": 11,
          "CategoryID": 3,
          "QuantityPerUnit": "100 - 250 g bags",
          "UnitPrice": 31.23,
          "UnitsInStock": 15,
          "UnitsOnOrder": 0,
          "ReorderLevel": 0,
          "Discontinued": false
        }
      }
    }
  }
}