{
  "CustomerID": "BERGS",
  "CompanyName": "Berglunds snabbköp",
  "Customer": {
    "CustomerID": "BERGS",
    "CompanyName": "Berglunds snabbköp",
    "ContactName": "Christina Berglund",
    "ContactTitle": "Order Administrator",
    "Address": "Berguvsvägen  8",
    "City": "Luleå",
    "Region": null,
    "PostalCode": "S-958 22",
    "Latitude": 0.0,
    "Longitude": 0.0,
    "Country": "Sweden",
    "Phone": "0921-12 34 65",
    "Fax": "0921-12 34 67",
    "Orders": {
      "OrderID": 10572,
      "CustomerID": "BERGS",
      "EmployeeID": 3,
      "OrderDate": "1997-06-18T00:00:00",
      "RequiredDate": "1997-07-16T00:00:00",
      "ShippedDate": "1997-06-25T00:00:00",
      "ShipVia": 2,
      "Freight": 116.43,
      "ShipName": "Berglunds snabbköp",
      "ShipAddress": "Berguvsvägen  8",
      "ShipCity": "Luleå",
      "ShipRegion": null,
      "ShipPostalCode": "S-958 22",
      "ShipCountry": "Sweden",
      "Details": {
        "OrderID": 10572,
        "ProductID": 32.0,
        "Quantity": 10,
        "Discount": 0.1,
        "Product": {
          "ProductID": 32,
          "ProductName": "Mascarpone Fabioli",
          "SupplierID": 14,
          "CategoryID": 4,
          "QuantityPerUnit": "24 - 200 g pkgs.",
          "UnitPrice": 32.0,
          "UnitsInStock": 9,
          "UnitsOnOrder": 40,
          "ReorderLevel": 25,
          "Discontinued": false
        }
      }
    }
  }
}