{
  "CustomerID": "ANTON",
  "CompanyName": "Antonio Moreno Taquería",
  "Customer": {
    "CustomerID": "ANTON",
    "CompanyName": "Antonio Moreno Taquería",
    "ContactName": "Antonio Moreno",
    "ContactTitle": "Owner",
    "Address": "Mataderos  2312",
    "City": "México D.F.",
    "Region": null,
    "PostalCode": "05023",
    "Latitude": 0.0,
    "Longitude": 0.0,
    "Country": "Mexico",
    "Phone": "(5) 555-3932",
    "Fax": null,
    "Orders": {
      "OrderID": 10856,
      "CustomerID": "ANTON",
      "EmployeeID": 3,
      "OrderDate": "1998-01-28T00:00:00",
      "RequiredDate": "1998-02-25T00:00:00",
      "ShippedDate": "1998-02-10T00:00:00",
      "ShipVia": 2,
      "Freight": 58.43,
      "ShipName": "Antonio Moreno Taquería",
      "ShipAddress": "Mataderos  2312",
      "ShipCity": "México D.F.",
      "ShipRegion": null,
      "ShipPostalCode": "05023",
      "ShipCountry": "Mexico",
      "Details": {
        "OrderID": 10856,
        "ProductID": 19.0,
        "Quantity": 20,
        "Discount": 0.0,
        "Product": {
          "ProductID": 2,
          "ProductName": "Chang",
          "SupplierID": 1,
          "CategoryID": 1,
          "QuantityPerUnit": "24 - 12 oz bottles",
          "UnitPrice": 19.0,
          "UnitsInStock": 17,
          "UnitsOnOrder": 40,
          "ReorderLevel": 25,
          "Discontinued": false
        }
      }
    }
  }
}