{
  "CustomerID": "BERGS",
  "CompanyName": "Berglunds snabbköp",
  "Customer": {
    "CustomerID": "BERGS",
    "CompanyName": "Berglunds snabbköp",
    "ContactName": "Christina Berglund",
    "ContactTitle": "Order Administrator",
    "Address": "Berguvsvägen  8",
    "City": "Luleå",
    "Region": null,
    "PostalCode": "S-958 22",
    "Latitude": 0.0,
    "Longitude": 0.0,
    "Country": "Sweden",
    "Phone": "0921-12 34 65",
    "Fax": "0921-12 34 67",
    "Orders": {
      "OrderID": 10572,
      "CustomerID": "BERGS",
      "EmployeeID": 3,
      "OrderDate": "1997-06-18T00:00:00",
      "RequiredDate": "1997-07-16T00:00:00",
      "ShippedDate": "1997-06-25T00:00:00",
      "ShipVia": 2,
      "Freight": 116.43,
      "ShipName": "Berglunds snabbköp",
      "ShipAddress": "Berguvsvägen  8",
      "ShipCity": "Luleå",
      "ShipRegion": null,
      "ShipPostalCode": "S-958 22",
      "ShipCountry": "Sweden",
      "Details": {
        "OrderID": 10572,
        "ProductID": 18.4,
        "Quantity": 50,
        "Discount": 0.0,
        "Product": {
          "ProductID": 40,
          "ProductName": "Boston Crab Meat",
          "SupplierID": 19,
          "CategoryID": 8,
          "QuantityPerUnit": "24 - 4 oz tins",
          "UnitPrice": 18.4,
          "UnitsInStock": 123,
          "UnitsOnOrder": 0,
          "ReorderLevel": 30,
          "Discontinued": false
        }
      }
    }
  }
}