{
  "CustomerID": "AROUT",
  "CompanyName": "Around the Horn",
  "Customer": {
    "CustomerID": "AROUT",
    "CompanyName": "Around the Horn",
    "ContactName": "Thomas Hardy",
    "ContactTitle": "Sales Representative",
    "Address": "120 Hanover Sq.",
    "City": "London",
    "Region": null,
    "PostalCode": "WA1 1DP",
    "Latitude": 53.395296,
    "Longitude": -2.555589,
    "Country": "UK",
    "Phone": "(171) 555-7788",
    "Fax": "(171) 555-6750",
    "Orders": {
      "OrderID": 10864,
      "CustomerID": "AROUT",
      "EmployeeID": 4,
      "OrderDate": "1998-02-02T00:00:00",
      "RequiredDate": "1998-03-02T00:00:00",
      "ShippedDate": "1998-02-09T00:00:00",
      "ShipVia": 2,
      "Freight": 3.04,
      "ShipName": "Around the Horn",
      "ShipAddress": "Brook Farm Stratford St. Mary",
      "ShipCity": "Colchester",
      "ShipRegion": "Essex",
      "ShipPostalCode": "CO7 6JX",
      "ShipCountry": "UK",
      "Details": {
        "OrderID": 10864,
        "ProductID": 14.0,
        "Quantity": 15,
        "Discount": 0.0,
        "Product": {
          "ProductID": 67,
          "ProductName": "Laughing Lumberjack Lager",
          "SupplierID": 16,
          "CategoryID": 1,
          "QuantityPerUnit": "24 - 12 oz bottles",
          "UnitPrice": 14.0,
          "UnitsInStock": 52,
          "UnitsOnOrder": 0,
          "ReorderLevel": 10,
          "Discontinued": false
        }
      }
    }
  }
}