{
  "CustomerID": "AROUT",
  "CompanyName": "Around the Horn",
  "Customer": {
    "CustomerID": "AROUT",
    "CompanyName": "Around the Horn",
    "ContactName": "Thomas Hardy",
    "ContactTitle": "Sales Representative",
    "Address": "120 Hanover Sq.",
    "City": "London",
    "Region": null,
    "PostalCode": "WA1 1DP",
    "Latitude": 53.395296,
    "Longitude": -2.555589,
    "Country": "UK",
    "Phone": "(171) 555-7788",
    "Fax": "(171) 555-6750",
    "Orders": {
      "OrderID": 10793,
      "CustomerID": "AROUT",
      "EmployeeID": 3,
      "OrderDate": "1997-12-24T00:00:00",
      "RequiredDate": "1998-01-21T00:00:00",
      "ShippedDate": "1998-01-08T00:00:00",
      "ShipVia": 3,
      "Freight": 4.52,
      "ShipName": "Around the Horn",
      "ShipAddress": "Brook Farm Stratford St. Mary",
      "ShipCity": "Colchester",
      "ShipRegion": "Essex",
      "ShipPostalCode": "CO7 6JX",
      "ShipCountry": "UK",
      "Details": {
        "OrderID": 10793,
        "ProductID": 9.65,
        "Quantity": 14,
        "Discount": 0.0,
        "Product": {
          "ProductID": 41,
          "ProductName": "Jack's New England Clam Chowder",
          "SupplierID": 19,
          "CategoryID": 8,
          "QuantityPerUnit": "12 - 12 oz cans",
          "UnitPrice": 9.65,
          "UnitsInStock": 85,
          "UnitsOnOrder": 0,
          "ReorderLevel": 10,
          "Discontinued": false
        }
      }
    }
  }
}