{
  "CustomerID": "ANTON",
  "CompanyName": "Antonio Moreno Taquería",
  "Customer": {
    "CustomerID": "ANTON",
    "CompanyName": "Antonio Moreno Taquería",
    "ContactName": "Antonio Moreno",
    "ContactTitle": "Owner",
    "Address": "Mataderos  2312",
    "City": "México D.F.",
    "Region": null,
    "PostalCode": "05023",
    "Latitude": 0.0,
    "Longitude": 0.0,
    "Country": "Mexico",
    "Phone": "(5) 555-3932",
    "Fax": null,
    "Orders": {
      "OrderID": 10682,
      "CustomerID": "ANTON",
      "EmployeeID": 3,
      "OrderDate": "1997-09-25T00:00:00",
      "RequiredDate": "1997-10-23T00:00:00",
      "ShippedDate": "1997-10-01T00:00:00",
      "ShipVia": 2,
      "Freight": 36.13,
      "ShipName": "Antonio Moreno Taquería",
      "ShipAddress": "Mataderos  2312",
      "ShipCity": "México D.F.",
      "ShipRegion": null,
      "ShipPostalCode": "05023",
      "ShipCountry": "Mexico",
      "Details": {
        "OrderID": 10682,
        "ProductID": 17.0,
        "Quantity": 4,
        "Discount": 0.0,
        "Product": {
          "ProductID": 66,
          "ProductName": "Louisiana Hot Spiced Okra",
          "SupplierID": 2,
          "CategoryID": 2,
          "QuantityPerUnit": "24 - 8 oz jars",
          "UnitPrice": 17.0,
          "UnitsInStock": 4,
          "UnitsOnOrder": 100,
          "ReorderLevel": 20,
          "Discontinued": false
        }
      }
    }
  }
}