{
  "CustomerID": "AROUT",
  "CompanyName": "Around the Horn",
  "Customer": {
    "CustomerID": "AROUT",
    "CompanyName": "Around the Horn",
    "ContactName": "Thomas Hardy",
    "ContactTitle": "Sales Representative",
    "Address": "120 Hanover Sq.",
    "City": "London",
    "Region": null,
    "PostalCode": "WA1 1DP",
    "Latitude": 53.395296,
    "Longitude": -2.555589,
    "Country": "UK",
    "Phone": "(171) 555-7788",
    "Fax": "(171) 555-6750",
    "Orders": {
      "OrderID": 10383,
      "CustomerID": "AROUT",
      "EmployeeID": 8,
      "OrderDate": "1996-12-16T00:00:00",
      "RequiredDate": "1997-01-13T00:00:00",
      "ShippedDate": "1996-12-18T00:00:00",
      "ShipVia": 3,
      "Freight": 34.24,
      "ShipName": "Around the Horn",
      "ShipAddress": "Brook Farm Stratford St. Mary",
      "ShipCity": "Colchester",
      "ShipRegion": "Essex",
      "ShipPostalCode": "CO7 6JX",
      "ShipCountry": "UK",
      "Details": {
        "OrderID": 10383,
        "ProductID": 4.8,
        "Quantity": 20,
        "Discount": 0.0,
        "Product": {
          "ProductID": 13,
          "ProductName": "Konbu",
          "SupplierID": 6,
          "CategoryID": 8,
          "QuantityPerUnit": "2 kg box",
          "UnitPrice": 6.0,
          "UnitsInStock": 24,
          "UnitsOnOrder": 0,
          "ReorderLevel": 5,
          "Discontinued": false
        }
      }
    }
  }
}