{
  "CustomerID": "ANTON",
  "CompanyName": "Antonio Moreno Taquería",
  "Customer": {
    "CustomerID": "ANTON",
    "CompanyName": "Antonio Moreno Taquería",
    "ContactName": "Antonio Moreno",
    "ContactTitle": "Owner",
    "Address": "Mataderos  2312",
    "City": "México D.F.",
    "Region": null,
    "PostalCode": "05023",
    "Latitude": 0.0,
    "Longitude": 0.0,
    "Country": "Mexico",
    "Phone": "(5) 555-3932",
    "Fax": null,
    "Orders": {
      "OrderID": 10365,
      "CustomerID": "ANTON",
      "EmployeeID": 3,
      "OrderDate": "1996-11-27T00:00:00",
      "RequiredDate": "1996-12-25T00:00:00",
      "ShippedDate": "1996-12-02T00:00:00",
      "ShipVia": 2,
      "Freight": 22.0,
      "ShipName": "Antonio Moreno Taquería",
      "ShipAddress": "Mataderos  2312",
      "ShipCity": "México D.F.",
      "ShipRegion": null,
      "ShipPostalCode": "05023",
      "ShipCountry": "Mexico",
      "Details": {
        "OrderID": 10365,
        "ProductID": 16.8,
        "Quantity": 24,
        "Discount": 0.0,
        "Product": {
          "ProductID": 11,
          "ProductName": "Queso Cabrales",
          "SupplierID": 5,
          "CategoryID": 4,
          "QuantityPerUnit": "1 kg pkg.",
          "UnitPrice": 21.0,
          "UnitsInStock": 22,
          "UnitsOnOrder": 30,
          "ReorderLevel": 30,
          "Discontinued": false
        }
      }
    }
  }
}