{
  "CustomerID": "AROUT",
  "CompanyName": "Around the Horn",
  "Customer": {
    "CustomerID": "AROUT",
    "CompanyName": "Around the Horn",
    "ContactName": "Thomas Hardy",
    "ContactTitle": "Sales Representative",
    "Address": "120 Hanover Sq.",
    "City": "London",
    "Region": null,
    "PostalCode": "WA1 1DP",
    "Latitude": 53.395296,
    "Longitude": -2.555589,
    "Country": "UK",
    "Phone": "(171) 555-7788",
    "Fax": "(171) 555-6750",
    "Orders": {
      "OrderID": 10383,
      "CustomerID": "AROUT",
      "EmployeeID": 8,
      "OrderDate": "1996-12-16T00:00:00",
      "RequiredDate": "1997-01-13T00:00:00",
      "ShippedDate": "1996-12-18T00:00:00",
      "ShipVia": 3,
      "Freight": 34.24,
      "ShipName": "Around the Horn",
      "ShipAddress": "Brook Farm Stratford St. Mary",
      "ShipCity": "Colchester",
      "ShipRegion": "Essex",
      "ShipPostalCode": "CO7 6JX",
      "ShipCountry": "UK",
      "Details": {
        "OrderID": 10383,
        "ProductID": 30.4,
        "Quantity": 20,
        "Discount": 0.0,
        "Product": {
          "ProductID": 56,
          "ProductName": "Gnocchi di nonna Alice",
          "SupplierID": 26,
          "CategoryID": 5,
          "QuantityPerUnit": "24 - 250 g pkgs.",
          "UnitPrice": 38.0,
          "UnitsInStock": 21,
          "UnitsOnOrder": 10,
          "ReorderLevel": 30,
          "Discontinued": false
        }
      }
    }
  }
}