{
  "CustomerID": "AROUT",
  "CompanyName": "Around the Horn",
  "Customer": {
    "CustomerID": "AROUT",
    "CompanyName": "Around the Horn",
    "ContactName": "Thomas Hardy",
    "ContactTitle": "Sales Representative",
    "Address": "120 Hanover Sq.",
    "City": "London",
    "Region": null,
    "PostalCode": "WA1 1DP",
    "Latitude": 53.395296,
    "Longitude": -2.555589,
    "Country": "UK",
    "Phone": "(171) 555-7788",
    "Fax": "(171) 555-6750",
    "Orders": {
      "OrderID": 10768,
      "CustomerID": "AROUT",
      "EmployeeID": 3,
      "OrderDate": "1997-12-08T00:00:00",
      "RequiredDate": "1998-01-05T00:00:00",
      "ShippedDate": "1997-12-15T00:00:00",
      "ShipVia": 2,
      "Freight": 146.32,
      "ShipName": "Around the Horn",
      "ShipAddress": "Brook Farm Stratford St. Mary",
      "ShipCity": "Colchester",
      "ShipRegion": "Essex",
      "ShipPostalCode": "CO7 6JX",
      "ShipCountry": "UK",
      "Details": {
        "OrderID": 10768,
        "ProductID": 21.5,
        "Quantity": 12,
        "Discount": 0.0,
        "Product": {
          "ProductID": 71,
          "ProductName": "Flotemysost",
          "SupplierID": 15,
          "CategoryID": 4,
          "QuantityPerUnit": "10 - 500 g pkgs.",
          "UnitPrice": 21.5,
          "UnitsInStock": 26,
          "UnitsOnOrder": 0,
          "ReorderLevel": 0,
          "Discontinued": false
        }
      }
    }
  }
}