{
  "CustomerID": "ALFKI",
  "CompanyName": "Alfreds Futterkiste",
  "Customer": {
    "CustomerID": "ALFKI",
    "CompanyName": "Alfreds Futterkiste",
    "ContactName": "Maria Anders",
    "ContactTitle": "Sales Representative",
    "Address": "Obere Str. 57",
    "City": "Berlin",
    "Region": null,
    "PostalCode": "12209",
    "Latitude": 52.54971,
    "Longitude": 13.49041,
    "Country": "Germany",
    "Phone": "030-0074321",
    "Fax": "030-0076545",
    "Orders": {
      "OrderID": 11011,
      "CustomerID": "ALFKI",
      "EmployeeID": 3,
      "OrderDate": "1998-04-09T00:00:00",
      "RequiredDate": "1998-05-07T00:00:00",
      "ShippedDate": "1998-04-13T00:00:00",
      "ShipVia": 1,
      "Freight": 1.21,
      "ShipName": "Alfred's Futterkiste",
      "ShipAddress": "Obere Str. 57",
      "ShipCity": "Berlin",
      "ShipRegion": null,
      "ShipPostalCode": "12209",
      "ShipCountry": "Germany",
      "Details": {
        "OrderID": 11011,
        "ProductID": 13.25,
        "Quantity": 40,
        "Discount": 0.05,
        "Product": {
          "ProductID": 58,
          "ProductName": "Escargots de Bourgogne",
          "SupplierID": 27,
          "CategoryID": 8,
          "QuantityPerUnit": "24 pieces",
          "UnitPrice": 13.25,
          "UnitsInStock": 62,
          "UnitsOnOrder": 0,
          "ReorderLevel": 20,
          "Discontinued": false
        }
      }
    }
  }
}