{
  "CustomerID": "ANATR",
  "CompanyName": "Ana Trujillo Emparedados y helados",
  "Customer": {
    "CustomerID": "ANATR",
    "CompanyName": "Ana Trujillo Emparedados y helados",
    "ContactName": "Ana Trujillo",
    "ContactTitle": "Owner",
    "Address": "Avda. de la Constitución 2222",
    "City": "México D.F.",
    "Region": null,
    "PostalCode": "05021",
    "Latitude": 19.4023499,
    "Longitude": -99.18179,
    "Country": "Mexico",
    "Phone": "(5) 555-4729",
    "Fax": "(5) 555-3745",
    "Orders": {
      "OrderID": 10308,
      "CustomerID": "ANATR",
      "EmployeeID": 7,
      "OrderDate": "1996-09-18T00:00:00",
      "RequiredDate": "1996-10-16T00:00:00",
      "ShippedDate": "1996-09-24T00:00:00",
      "ShipVia": 3,
      "Freight": 1.61,
      "ShipName": "Ana Trujillo Emparedados y helados",
      "ShipAddress": "Avda. de la Constitución 2222",
      "ShipCity": "México D.F.",
      "ShipRegion": null,
      "ShipPostalCode": "05021",
      "ShipCountry": "Mexico",
      "Details": {
        "OrderID": 10308,
        "ProductID": 28.8,
        "Quantity": 1,
        "Discount": 0.0,
        "Product": {
          "ProductID": 69,
          "ProductName": "Gudbrandsdalsost",
          "SupplierID": 15,
          "CategoryID": 4,
          "QuantityPerUnit": "10 kg pkg.",
          "UnitPrice": 36.0,
          "UnitsInStock": 26,
          "UnitsOnOrder": 0,
          "ReorderLevel": 15,
          "Discontinued": false
        }
      }
    }
  }
}