{
  "CustomerID": "BERGS",
  "CompanyName": "Berglunds snabbköp",
  "Customer": {
    "CustomerID": "BERGS",
    "CompanyName": "Berglunds snabbköp",
    "ContactName": "Christina Berglund",
    "ContactTitle": "Order Administrator",
    "Address": "Berguvsvägen  8",
    "City": "Luleå",
    "Region": null,
    "PostalCode": "S-958 22",
    "Latitude": 0.0,
    "Longitude": 0.0,
    "Country": "Sweden",
    "Phone": "0921-12 34 65",
    "Fax": "0921-12 34 67",
    "Orders": {
      "OrderID": 10278,
      "CustomerID": "BERGS",
      "EmployeeID": 8,
      "OrderDate": "1996-08-12T00:00:00",
      "RequiredDate": "1996-09-09T00:00:00",
      "ShippedDate": "1996-08-16T00:00:00",
      "ShipVia": 2,
      "Freight": 92.69,
      "ShipName": "Berglunds snabbköp",
      "ShipAddress": "Berguvsvägen  8",
      "ShipCity": "Luleå",
      "ShipRegion": null,
      "ShipPostalCode": "S-958 22",
      "ShipCountry": "Sweden",
      "Details": {
        "OrderID": 10278,
        "ProductID": 15.5,
        "Quantity": 16,
        "Discount": 0.0,
        "Product": {
          "ProductID": 44,
          "ProductName": "Gula Malacca",
          "SupplierID": 20,
          "CategoryID": 2,
          "QuantityPerUnit": "20 - 2 kg bags",
          "UnitPrice": 19.45,
          "UnitsInStock": 27,
          "UnitsOnOrder": 0,
          "ReorderLevel": 15,
          "Discontinued": false
        }
      }
    }
  }
}