{
  "CustomerID": "BERGS",
  "CompanyName": "Berglunds snabbköp",
  "Customer": {
    "CustomerID": "BERGS",
    "CompanyName": "Berglunds snabbköp",
    "ContactName": "Christina Berglund",
    "ContactTitle": "Order Administrator",
    "Address": "Berguvsvägen  8",
    "City": "Luleå",
    "Region": null,
    "PostalCode": "S-958 22",
    "Latitude": 0.0,
    "Longitude": 0.0,
    "Country": "Sweden",
    "Phone": "0921-12 34 65",
    "Fax": "0921-12 34 67",
    "Orders": {
      "OrderID": 10672,
      "CustomerID": "BERGS",
      "EmployeeID": 9,
      "OrderDate": "1997-09-17T00:00:00",
      "RequiredDate": "1997-10-01T00:00:00",
      "ShippedDate": "1997-09-26T00:00:00",
      "ShipVia": 2,
      "Freight": 95.75,
      "ShipName": "Berglunds snabbköp",
      "ShipAddress": "Berguvsvägen  8",
      "ShipCity": "Luleå",
      "ShipRegion": null,
      "ShipPostalCode": "S-958 22",
      "ShipCountry": "Sweden",
      "Details": {
        "OrderID": 10672,
        "ProductID": 21.5,
        "Quantity": 12,
        "Discount": 0.0,
        "Product": {
          "ProductID": 71,
          "ProductName": "Flotemysost",
          "SupplierID": 15,
          "CategoryID": 4,
          "QuantityPerUnit": "10 - 500 g pkgs.",
          "UnitPrice": 21.5,
          "UnitsInStock": 26,
          "UnitsOnOrder": 0,
          "ReorderLevel": 0,
          "Discontinued": false
        }
      }
    }
  }
}