{
  "CustomerID": "AROUT",
  "CompanyName": "Around the Horn",
  "Customer": {
    "CustomerID": "AROUT",
    "CompanyName": "Around the Horn",
    "ContactName": "Thomas Hardy",
    "ContactTitle": "Sales Representative",
    "Address": "120 Hanover Sq.",
    "City": "London",
    "Region": null,
    "PostalCode": "WA1 1DP",
    "Latitude": 53.395296,
    "Longitude": -2.555589,
    "Country": "UK",
    "Phone": "(171) 555-7788",
    "Fax": "(171) 555-6750",
    "Orders": {
      "OrderID": 10743,
      "CustomerID": "AROUT",
      "EmployeeID": 1,
      "OrderDate": "1997-11-17T00:00:00",
      "RequiredDate": "1997-12-15T00:00:00",
      "ShippedDate": "1997-11-21T00:00:00",
      "ShipVia": 2,
      "Freight": 23.72,
      "ShipName": "Around the Horn",
      "ShipAddress": "Brook Farm Stratford St. Mary",
      "ShipCity": "Colchester",
      "ShipRegion": "Essex",
      "ShipPostalCode": "CO7 6JX",
      "ShipCountry": "UK",
      "Details": {
        "OrderID": 10743,
        "ProductID": 12.0,
        "Quantity": 28,
        "Discount": 0.05,
        "Product": {
          "ProductID": 46,
          "ProductName": "Spegesild",
          "SupplierID": 21,
          "CategoryID": 8,
          "QuantityPerUnit": "4 - 450 g glasses",
          "UnitPrice": 12.0,
          "UnitsInStock": 95,
          "UnitsOnOrder": 0,
          "ReorderLevel": 0,
          "Discontinued": false
        }
      }
    }
  }
}