{
  "CustomerID": "ALFKI",
  "CompanyName": "Alfreds Futterkiste",
  "Customer": {
    "CustomerID": "ALFKI",
    "CompanyName": "Alfreds Futterkiste",
    "ContactName": "Maria Anders",
    "ContactTitle": "Sales Representative",
    "Address": "Obere Str. 57",
    "City": "Berlin",
    "Region": null,
    "PostalCode": "12209",
    "Latitude": 52.54971,
    "Longitude": 13.49041,
    "Country": "Germany",
    "Phone": "030-0074321",
    "Fax": "030-0076545",
    "Orders": {
      "OrderID": 10643,
      "CustomerID": "ALFKI",
      "EmployeeID": 6,
      "OrderDate": "1997-08-25T00:00:00",
      "RequiredDate": "1997-09-22T00:00:00",
      "ShippedDate": "1997-09-02T00:00:00",
      "ShipVia": 1,
      "Freight": 29.46,
      "ShipName": "Alfreds Futterkiste",
      "ShipAddress": "Obere Str. 57",
      "ShipCity": "Berlin",
      "ShipRegion": null,
      "ShipPostalCode": "12209",
      "ShipCountry": "Germany",
      "Details": {
        "OrderID": 10643,
        "ProductID": 12.0,
        "Quantity": 2,
        "Discount": 0.25,
        "Product": {
          "ProductID": 46,
          "ProductName": "Spegesild",
          "SupplierID": 21,
          "CategoryID": 8,
          "QuantityPerUnit": "4 - 450 g glasses",
          "UnitPrice": 12.0,
          "UnitsInStock": 95,
          "UnitsOnOrder": 0,
          "ReorderLevel": 0,
          "Discontinued": false
        }
      }
    }
  }
}