{
  "CustomerID": "BERGS",
  "CompanyName": "Berglunds snabbköp",
  "Customer": {
    "CustomerID": "BERGS",
    "CompanyName": "Berglunds snabbköp",
    "ContactName": "Christina Berglund",
    "ContactTitle": "Order Administrator",
    "Address": "Berguvsvägen  8",
    "City": "Luleå",
    "Region": null,
    "PostalCode": "S-958 22",
    "Latitude": 0.0,
    "Longitude": 0.0,
    "Country": "Sweden",
    "Phone": "0921-12 34 65",
    "Fax": "0921-12 34 67",
    "Orders": {
      "OrderID": 10280,
      "CustomerID": "BERGS",
      "EmployeeID": 2,
      "OrderDate": "1996-08-14T00:00:00",
      "RequiredDate": "1996-09-11T00:00:00",
      "ShippedDate": "1996-09-12T00:00:00",
      "ShipVia": 1,
      "Freight": 8.98,
      "ShipName": "Berglunds snabbköp",
      "ShipAddress": "Berguvsvägen  8",
      "ShipCity": "Luleå",
      "ShipRegion": null,
      "ShipPostalCode": "S-958 22",
      "ShipCountry": "Sweden",
      "Details": {
        "OrderID": 10280,
        "ProductID": 3.6,
        "Quantity": 12,
        "Discount": 0.0,
        "Product": {
          "ProductID": 24,
          "ProductName": "Guaraná Fantástica",
          "SupplierID": 10,
          "CategoryID": 1,
          "QuantityPerUnit": "12 - 355 ml cans",
          "UnitPrice": 4.5,
          "UnitsInStock": 20,
          "UnitsOnOrder": 0,
          "ReorderLevel": 0,
          "Discontinued": true
        }
      }
    }
  }
}