{
  "CustomerID": "AROUT",
  "CompanyName": "Around the Horn",
  "Customer": {
    "CustomerID": "AROUT",
    "CompanyName": "Around the Horn",
    "ContactName": "Thomas Hardy",
    "ContactTitle": "Sales Representative",
    "Address": "120 Hanover Sq.",
    "City": "London",
    "Region": null,
    "PostalCode": "WA1 1DP",
    "Latitude": 53.395296,
    "Longitude": -2.555589,
    "Country": "UK",
    "Phone": "(171) 555-7788",
    "Fax": "(171) 555-6750",
    "Orders": {
      "OrderID": 10453,
      "CustomerID": "AROUT",
      "EmployeeID": 1,
      "OrderDate": "1997-02-21T00:00:00",
      "RequiredDate": "1997-03-21T00:00:00",
      "ShippedDate": "1997-02-26T00:00:00",
      "ShipVia": 2,
      "Freight": 25.36,
      "ShipName": "Around the Horn",
      "ShipAddress": "Brook Farm Stratford St. Mary",
      "ShipCity": "Colchester",
      "ShipRegion": "Essex",
      "ShipPostalCode": "CO7 6JX",
      "ShipCountry": "UK",
      "Details": {
        "OrderID": 10453,
        "ProductID": 10.2,
        "Quantity": 15,
        "Discount": 0.1,
        "Product": {
          "ProductID": 48,
          "ProductName": "Chocolade",
          "SupplierID": 22,
          "CategoryID": 3,
          "QuantityPerUnit": "10 pkgs.",
          "UnitPrice": 12.75,
          "UnitsInStock": 15,
          "UnitsOnOrder": 70,
          "ReorderLevel": 25,
          "Discontinued": false
        }
      }
    }
  }
}