{
  "CustomerID": "ANTON",
  "CompanyName": "Antonio Moreno Taquería",
  "Customer": {
    "CustomerID": "ANTON",
    "CompanyName": "Antonio Moreno Taquería",
    "ContactName": "Antonio Moreno",
    "ContactTitle": "Owner",
    "Address": "Mataderos  2312",
    "City": "México D.F.",
    "Region": null,
    "PostalCode": "05023",
    "Latitude": 0.0,
    "Longitude": 0.0,
    "Country": "Mexico",
    "Phone": "(5) 555-3932",
    "Fax": null,
    "Orders": {
      "OrderID": 10573,
      "CustomerID": "ANTON",
      "EmployeeID": 7,
      "OrderDate": "1997-06-19T00:00:00",
      "RequiredDate": "1997-07-17T00:00:00",
      "ShippedDate": "1997-06-20T00:00:00",
      "ShipVia": 3,
      "Freight": 84.84,
      "ShipName": "Antonio Moreno Taquería",
      "ShipAddress": "Mataderos  2312",
      "ShipCity": "México D.F.",
      "ShipRegion": null,
      "ShipPostalCode": "05023",
      "ShipCountry": "Mexico",
      "Details": {
        "OrderID": 10573,
        "ProductID": 14.0,
        "Quantity": 40,
        "Discount": 0.0,
        "Product": {
          "ProductID": 34,
          "ProductName": "Sasquatch Ale",
          "SupplierID": 16,
          "CategoryID": 1,
          "QuantityPerUnit": "24 - 12 oz bottles",
          "UnitPrice": 14.0,
          "UnitsInStock": 111,
          "UnitsOnOrder": 0,
          "ReorderLevel": 15,
          "Discontinued": false
        }
      }
    }
  }
}